thumbnail,category,title,intro_page
224036403226.webp,제작 비하인드,노션 루틴계획표 만들기 1 - 기획과정,../../blog/224036403226.html
224048247296.webp,제작 비하인드,노션 루틴계획표 만들기 2 - 버튼 기능으로 자동화하기,../../blog/224048247296.html
224060963290.webp,제작 비하인드,프로젝트 단위로 관리하는 할일 목록 템플릿 제작기,../../blog/224060963290.html
224062685069.webp,템플릿 사용법,노션 투두리스트 템플릿 무료 공유 사용법,../../blog/224062685069.html
224077562536.webp,노션 꾸미기,노션 커스텀 아이콘 추가하기,../../blog/224077562536.html
224084600914.webp,노션 꾸미기,노션 갤러리 보기에 썸네일 설정하기,../../blog/224084600914.html
224095563037.webp,템플릿 사용기,노션 루틴 계획표 사용 후기 | 요즘 실천 중인 습관들,../../blog/224095563037.html
224102654008.webp,노션 기초,피드 뷰 기능 활용법 총정리,../../blog/224102654008.html
224104425685.webp,템플릿 사용법,가벼운 일기쓰기의 시작 데일리 픽 템플릿 사용법,../../blog/224104425685.html
224131656960.webp,템플릿 사용법,연말결산으로 한 해를 차분히 정리하기,../../blog/224131656960.html
224142513889.webp,템플릿 사용법,"간단하게 작성할 수 있는 감사 일기 템플릿, 행복 줍줍 노트",../../blog/224142513889.html
224142663333.webp,제작 비하인드,가볍지만 꾸준히 쓸 수 있는 행복 수집 노트 제작기,../../blog/224142663333.html
224147276191.webp,노션 꾸미기,노션 꾸미기 세트｜행복 줍줍 노트 테마 구성 소개,../../blog/224147276191.html
224156987727.webp,템플릿 사용기,템플릿 사용 후기｜새로운 도전과 소소한 행복 일기,../../blog/224156987727.html
224164956256.webp,제작 비하인드,작심삼일 끝! 성취감이 눈에 보이는 100일 챌린지 템플릿 제작기,../../blog/224164956256.html
224171419811.webp,노션 꿀팁,100일 챌린지 갤러리 커버 이미지 자동으로 변경하기,../../blog/224171419811.html
224174011129.webp,템플릿 사용법,노션 100일 챌린지 템플릿 무료 공유 및 사용법,../../blog/224174011129.html
224179727123.webp,노션 기초,노션 관계형과 롤업 속성 차이점 쉽게 이해하기,../../blog/224179727123.html
224181261344.webp,노션 꾸미기,노션 꾸미기 세트｜몽글몽글 스노우 데이 테마 구성 소개,../../blog/224181261344.html
224182338381.webp,노션 꾸미기,노션 꾸미기 세트｜체리 데이 다이어리 테마 구성 소개,../../blog/224182338381.html
224195370000.webp,제작 비하인드,대학원생과 연구생을 위한 노션 템플릿 만들기,../../blog/224195370000.html
224195390190.webp,제작 비하인드,연구생의 피드백 반영 및 개선 과정,../../blog/224195390190.html
224201366615.webp,노션 기초,쉽고 간단한 나만의 투두리스트 만들기,../../blog/224201366615.html
224202408966.webp,노션 기초,열 나누기 하는 방법과 주의점,../../blog/224202408966.html
224236679330.webp,노션 꾸미기,노션 꾸미기 세트｜벚꽃 가득한 봄꽃 하늘 테마 구성 소개,../../blog/224236679330.html
224137632499.webp,노션 기초,"워크스페이스·페이지·블록 차이점 정리",../../blog/224137632499.html
224143293701.webp,노션 기초,"데이터베이스 종류 활용 방법",../../blog/224143293701.html
224148593583.webp,노션 기초,"워크스페이스 만들기부터 편집, 삭제까지",../../blog/224148593583.html
224154245907.webp,노션 기초,"입문자가 꼭 알아야 할 기본 속성 6가지",../../blog/224154245907.html
224155471845.webp,노션 기초,"인라인 vs 전체 페이지 데이터베이스 차이점",../../blog/224155471845.html
224174975820.webp,노션 기초,"필터와 정렬로 원하는 자료만 쏙쏙 골라보는 법",../../blog/224174975820.html
224048456292.webp,노션 꿀팁,"노션 템플릿 복제하는 방법",../../blog/224048456292.html
224056092821.webp,노션 꿀팁,"노션 페이지 공유하는 방법 - 웹 공개와 주의사항",../../blog/224056092821.html
224059783753.webp,노션 꿀팁,"노션 페이지 공유하는 방법 - 사용자 초대",../../blog/224059783753.html
224072356648.webp,노션 꿀팁,"노션으로 신청서 설문지 만드는 방법 A to Z",../../blog/224072356648.html
224076734242.webp,노션 꿀팁,"노션폼 설문지 양식 가이드 | 신청서 질문 유형별 예시 정리",../../blog/224076734242.html
224092279882.webp,노션 꿀팁,"노션으로 내용 정리할 때 자주 사용하는 블록 모음",../../blog/224092279882.html
